"t","mlat","mlong"
1,6.4013471204408,-12.9433829873382
2,6.31432846114662,-12.8703688291106
3,6.38496330912335,-12.9021134373611
4,6.37228335848696,-12.7917827576474
5,6.39466416499723,-12.7587741876261
6,6.37674622339659,-12.8226891753677
7,6.39262603091045,-12.7091143739833
8,6.3873781603371,-12.7094333836277
9,6.41001825422358,-12.7241787276975
10,6.40789529244835,-12.6538295189447
11,6.44611266947617,-12.6256959832847
12,6.31413317049913,-12.6285716417012
13,6.41845984878904,-12.6107602892449
14,6.34991783143613,-12.4725406940939
15,6.36913783236866,-12.4940524564988
16,6.33496490397469,-12.4426107770187
17,6.35360299648537,-12.3380640033918
18,6.3514847420994,-12.3809333810202
19,6.36152318179305,-12.3668126962645
20,6.33250477116406,-12.3359983909309
21,6.37974314839953,-12.347335906549
22,6.34501102801453,-12.2370220391582
23,6.35531133418254,-12.2357962398791
24,6.37458510320889,-12.175058289525
25,6.34998950253593,-12.1698603786979
26,6.3743456547461,-12.1236871567501
27,6.38348063604884,-12.1031036814114
28,6.32926207055584,-12.0690669453623
29,6.37957687827994,-12.043602168875
30,6.40941671010918,-11.9664170012329
31,6.3572212822276,-11.9281742890551
32,6.346638934212,-11.9837530416562
33,6.3324392444014,-11.9252076439147
34,6.3460807910188,-11.8747354817416
35,6.29013362472595,-11.8433221096081
36,6.28770729493932,-11.771365178566
37,6.31522124394791,-11.8143226462762
38,6.37367056790153,-11.7613605076863
39,6.39808798986198,-11.7586845527915
40,6.31316486857015,-11.6879391629777
41,6.37296345794297,-11.6244352479719
42,6.31295904760403,-11.6208693238755
43,6.3382735809391,-11.5979280775408
44,6.3502372789245,-11.5332502219661
45,6.31840247156591,-11.532940087042
46,6.38708310461578,-11.5213923405722
47,6.31964932626453,-11.5111004335511
48,6.36263315056999,-11.5024475954302
49,6.32063716759239,-11.4399509016728
50,6.32522966353216,-11.4657089338487
51,6.35022889675528,-11.5159903530485
52,6.34742241560271,-11.4020476542559
53,6.35587760894462,-11.315245820892
54,6.35338763854947,-11.2912011080429
55,6.32921906145408,-11.3160249834636
56,6.35974137527429,-11.3354126961178
57,6.33408166889511,-11.3084953907981
58,6.35930994940445,-11.3483409487827
59,6.30719731298264,-11.2502306369001
60,6.33385671461409,-11.300041597819
61,6.30031837120921,-11.2067770105361
62,6.28070557536294,-11.1631925242684
63,6.30616807144825,-11.1757283813095
64,6.3511126327424,-11.1161553326242
65,6.31495454054659,-11.118586449017
66,6.36776388694064,-11.0134982619714
67,6.28751010929875,-11.0329738776302
68,6.34557978884624,-10.9133310833392
69,6.37635691368848,-10.9561752534962
70,6.32871202679404,-10.9403240410222
71,6.34518223590989,-10.925696989117
72,6.36602388632315,-10.8394465981165
73,6.31421149660758,-10.8928038429133
74,6.36390388857942,-10.8078645941514
75,6.40129265633891,-10.7940270531387
76,6.37710537833613,-10.7975770955805
77,6.36949540920912,-10.7550020704626
78,6.33560794963122,-10.6681089701181
79,6.29370934792571,-10.6958536237542
80,6.37875801263734,-10.6304105599146
81,6.36334953589898,-10.7054888811498
82,6.40819956379046,-10.6547461602359
83,6.34255224524459,-10.5396591404637
84,6.33862727391081,-10.4874844528274
85,6.37736846455728,-10.4657312073605
86,6.39464025891399,-10.4158647365735
87,6.2728586164496,-10.3820163098249
88,6.31103881562034,-10.3399586104485
89,6.35594916385381,-10.342285876176
90,6.38470525595718,-10.2748473729119
91,6.30547472320963,-10.2477351728159
92,6.34738249860593,-10.2540128318048
93,6.29674087218742,-10.1396754031055
94,6.38117615190185,-10.0886652111995
95,6.44742989460031,-10.0846186608414
96,6.32128522177724,-10.0196213883645
97,6.38097714902935,-10.0676364194299
98,6.37944856789096,-10.0174172537883
99,6.36644586907246,-9.97078003872921
100,6.39037701343697,-9.92386189632474
101,6.39183827841598,-9.93954406080347
102,6.30346830033244,-9.91215516689621
103,6.39858492273313,-9.91105934145119
104,6.45132000904401,-9.85513409292623
105,6.38868603338616,-9.79324656190399
106,6.43171678247493,-9.76241282641183
107,6.4754299897402,-9.77456922178769
108,6.43573816861647,-9.71695740395861
109,6.39811435054159,-9.73188292051988
110,6.47671613118285,-9.71523828494744
111,6.44241468237468,-9.65183344950678
112,6.42988866934245,-9.6623855652609
113,6.50773797463041,-9.67309737825942
114,6.48552841458881,-9.60814823377473
115,6.43041522129351,-9.50423960368459
116,6.46659272989988,-9.48874470250199
117,6.48812194075366,-9.50386277765526
118,6.49588928840822,-9.52693942692149
119,6.49935970681028,-9.42619801563276
120,6.50415741887204,-9.35917846011115
121,6.47906261492615,-9.31492182294767
122,6.41049835485409,-9.36315683365802
123,6.46946221053621,-9.26802781283143
124,6.51900513027061,-9.21850012407866
125,6.4834469384358,-9.21547488054353
126,6.48146022468169,-9.15343196017852
127,6.47343912654043,-9.15723771145203
128,6.52972956133103,-9.13851349164308
129,6.4991349899188,-9.09357006802435
130,6.54272866792497,-9.05745773563918
131,6.59874608175183,-9.01949897009927
132,6.48950157474396,-8.93619069621703
133,6.53482192607427,-9.00567068989751
134,6.59268147015133,-8.87130669026956
135,6.5082242013561,-8.9652870686755
136,6.52309497687432,-8.89557132996319
137,6.55436085127849,-8.87497823748057
138,6.52438583884033,-8.81864937395894
139,6.62226181452463,-8.83642376737982
140,6.59242832629203,-8.88702792332508
141,6.61435900869002,-8.8056902114163
142,6.62850370588099,-8.79917702155272
143,6.55090862851482,-8.77216375613884
144,6.65389213675844,-8.77813958602909
145,6.64704949631473,-8.76088794125678
146,6.59674924268541,-8.74219863775149
147,6.6472150863726,-8.72523208607734
148,6.67589003260216,-8.65709453557937
149,6.59234441158871,-8.67569439296313
150,6.66525939982088,-8.65511924470514
151,6.65924982963108,-8.58763321416355
152,6.66787771340281,-8.57286871142447
153,6.6537578957307,-8.57159080548033
154,6.69797390026769,-8.55390693503345
155,6.67795916763464,-8.46989956052806
156,6.69328449257314,-8.43713997830215
157,6.72246085526272,-8.34535066701669
158,6.66030537711164,-8.38392551627175
159,6.74029751764274,-8.35217345700366
160,6.67634394803052,-8.38435484302405
161,6.72137974568018,-8.27885147450236
162,6.75606828050395,-8.31429298310696
163,6.75521681734413,-8.21451590988932
164,6.75529980721802,-8.25028728686709
165,6.78100010388553,-8.22866546444715
166,6.83685151247877,-8.28370299341843
167,6.71360399392314,-8.11974807047164
168,6.71799618863937,-8.15733736840503
169,6.75668046227579,-7.9826680037119
170,6.75142368858116,-8.05381993103804
171,6.6955559593842,-8.02745115292672
172,6.67535599273524,-8.01255358964996
173,6.68320665029406,-8.01109763726911
174,6.66914573859895,-7.95947303379407
175,6.65714760618804,-8.01022154102202
176,6.6625937974193,-7.9655477774835
177,6.60267683234617,-7.85858507759049
178,6.6179791606533,-7.87270674384489
179,6.67283172055381,-7.93187732660137
180,6.57295173754834,-7.9081916655403
181,6.59182017572406,-7.91961882825454
182,6.5986686476001,-7.85709168859671
183,6.51395669493107,-7.79515769236634
184,6.5368786056235,-7.87497492774955
185,6.50145816968083,-7.87790774339426
186,6.54436963629404,-7.8223356954551
187,6.50588959577883,-7.78655995095377
188,6.52565276481044,-7.75326282805314
189,6.47955782441671,-7.75580774200095
190,6.46584061931962,-7.77183798748802
191,6.39374493262476,-7.71592455874675
192,6.44539401728153,-7.74189995822677
193,6.41453642098488,-7.71884673533201
194,6.44864954199624,-7.73060336708486
195,6.35377936375601,-7.66822660212138
196,6.35022205226113,-7.73490557975944
197,6.38828892343621,-7.6608241084667
198,6.33066448450037,-7.65305233866058
199,6.3756698064729,-7.60281110959339
200,6.37430701634183,-7.62309446342029
201,6.36195534761263,-7.64516443916656
202,6.2720854920839,-7.62414803079327
203,6.28026162389809,-7.6232476889568
204,6.29760438724085,-7.59297431148002
205,6.25619535657305,-7.57769868355001
206,6.28111508832353,-7.53136348126245
207,6.28236443648772,-7.51179633444026
208,6.22277023312364,-7.54704810228053
209,6.15586045215275,-7.55848862494497
210,6.17033222247696,-7.58080890619773
211,6.16558231280951,-7.48127011910834
212,6.09276259968864,-7.48297672448907
213,6.16441583194833,-7.44181253958437
214,6.13092575669015,-7.46312015089217
215,6.07204076611626,-7.43580034336174
216,6.07750129555601,-7.48302181302736
217,6.07053646354814,-7.40333633860958
218,6.01701262778489,-7.34566460088904
219,6.07103803811773,-7.42543277014822
220,6.04991148909263,-7.38892133706085
221,6.08304114204408,-7.387478123081
222,5.99212081790064,-7.33414162340772
223,6.03323592338478,-7.25734019336076
224,5.95102799512404,-7.31276631405272
225,6.00961090976653,-7.39538018998803
226,5.94233374125425,-7.32665481439994
227,5.92006111119255,-7.33808634126794
228,5.90784628537705,-7.31123642515111
229,5.87071962608773,-7.31963022454624
230,5.88842130829478,-7.32845961725381
231,5.86415619550312,-7.22828104161061
232,5.7986679003531,-7.27275186408579
233,5.88809289217143,-7.21423199720326
234,5.7857768757672,-7.22712858585062
235,5.78355025095907,-7.19731453233347
236,5.8135283366318,-7.18048820464455
237,5.83308107680443,-7.16632790347795
238,5.76974364401093,-7.14636245286194
239,5.76674934735936,-7.14911925163667
240,5.78105828441651,-7.12308029318715
241,5.73337388086526,-7.17986160689236
242,5.66443415444218,-7.0538959969813
243,5.63751784940669,-7.06795382967866
244,5.61750146949541,-7.08175493343893
245,5.63511280022623,-7.10983988567006
246,5.55232795237791,-7.09842368978578
247,5.57663035468088,-7.11248899332036
248,5.56097231937474,-7.04757276521647
249,5.50969881677937,-6.98706813954654
250,5.56939345912815,-7.06808489355875
251,5.50790702272834,-7.06803943984863
252,5.51331948932439,-7.03999760725658
253,5.47109338816363,-6.92193401471361
254,5.50811693697803,-6.96243844011041
255,5.46423601425147,-6.89995342796751
256,5.41398336879906,-6.89806800781207
257,5.42129824424206,-6.86024560345082
258,5.39071017974512,-6.96135503206132
259,5.34531410567011,-6.96018885713213
260,5.39325249164462,-6.89551815640604
261,5.31037770751512,-6.91424247080256
262,5.30562544709547,-6.88081928650169
263,5.29021573401084,-6.89363429421259
264,5.24545230901435,-6.8476088739332
265,5.26818431445759,-6.85593873673976
266,5.2809828124599,-6.82712803361407
267,5.24877440979694,-6.82075759320108
268,5.24189803454041,-6.81028448176436
269,5.19069727740409,-6.83984786450175
270,5.22572313779853,-6.82265018659186
271,5.18632794104584,-6.73786186053387
272,5.18124332868226,-6.75004452132753
273,5.19536166583574,-6.80568166436305
274,5.15176936807396,-6.81267121827022
275,5.19469889570055,-6.76803330322484
276,5.20773161711349,-6.7316994099236
277,5.09448822299221,-6.78142202352412
278,5.09823136655249,-6.74348884413564
279,5.12598347899294,-6.71964157534642
280,5.12850226468978,-6.72044197409377
281,5.0111959053525,-6.69095338674608
282,5.09892451252255,-6.70683287083691
283,5.00731127127861,-6.68017090993146
284,5.03406128555684,-6.62968379344714
285,4.96686070264231,-6.69270834543413
286,4.99439194104798,-6.65245259687795
287,5.01408641177999,-6.6251166760366
288,5.00083540342069,-6.69904772736606
289,4.89239068138162,-6.610448782202
290,4.9097320356381,-6.53002322127635
291,4.84644294091223,-6.62417087048497
292,4.92320109014794,-6.5419386898693
293,4.84668250128706,-6.55380416197015
294,4.84375286900337,-6.61830389972161
295,4.76092574334489,-6.55532550132757
296,4.77006035860362,-6.52327440751273
297,4.79977659805576,-6.5058972633134
298,4.73591340921708,-6.5508598670196
299,4.72431260332999,-6.4716433025585
300,4.75669081248039,-6.48601712976356
301,4.7672381227103,-6.47101555034027
302,4.68105825653147,-6.42306570762926
303,4.58705896453101,-6.49818038112549
304,4.62716573398527,-6.45224452385292
305,4.60741251507389,-6.4262732143744
306,4.58755668189777,-6.44129458681966
307,4.59863780644913,-6.43067230197921
308,4.58286636400884,-6.37873993873835
309,4.55305363176419,-6.40180972008999
310,4.51405916463147,-6.40539540522067
311,4.52293114325137,-6.38558958851348
312,4.45576992434159,-6.36821504165036
313,4.49033982588062,-6.34539740340966
314,4.41756270377545,-6.32428023545845
315,4.4496336222068,-6.32468296299246
316,4.46073901478242,-6.3431776509819
317,4.42449704297247,-6.41289322399979
318,4.43508161169564,-6.28570227807677
319,4.44426533878134,-6.3161793604641
320,4.37318049468306,-6.27315372980441
321,4.3273091566073,-6.24300673496988
322,4.30863596386183,-6.24005206507508
323,4.32919173496142,-6.21020165137346
324,4.36046461514007,-6.20870490017271
325,4.30139647094679,-6.1061586167188
326,4.28026680944914,-6.18738587113196
327,4.28761921368745,-6.13328513025068
328,4.26424327217294,-6.10384311038247
329,4.29403865913341,-6.1135918695094
330,4.22710107362107,-6.13394842436752
331,4.18669828630805,-6.11518391136372
332,4.26229773676391,-6.09623569333635
333,4.20642550169016,-6.12684928759067
334,4.21847252917642,-6.06469718089834
335,4.20802381540371,-6.14782887301925
336,4.16804522845923,-6.12533206798851
337,4.10705376671037,-6.07535045198897
338,4.17140404444489,-6.07504879909084
339,4.04169178749749,-5.99814137746717
340,4.09905679660954,-6.04142744087831
341,4.02811070018276,-6.00148735576864
342,4.0023437577068,-5.97087083366061
343,4.05277449845784,-5.9584087108426
344,4.02326504978727,-5.98866536443256
345,4.00977035313822,-5.93536849563268
346,3.97418463107469,-5.98448308594937
347,4.03261369671653,-5.9791313854591
348,4.03361211893789,-5.97445773368298
349,3.9357300578215,-5.946598835129
350,3.9438594595007,-5.94196516695645
351,3.90430545091084,-5.93267399524903
352,3.9906342345382,-5.89028115110231
353,3.9171521300948,-5.82963530682976
354,3.96620630380862,-5.87785214800731
355,3.87094493284815,-5.81274041743462
356,3.85423709558006,-5.81028548261442
357,3.80323928853319,-5.83366560295073
358,3.80454242355013,-5.81054396540826
359,3.95459440674712,-5.8196355124751
360,3.80199305620598,-5.75121925165106
361,3.771299491638,-5.72104437453016
362,3.79114888675416,-5.7089701281288
363,3.73331809027018,-5.72592875671167
364,3.7766939585723,-5.74596182433945
365,3.71445600898448,-5.68188359490666
366,3.73552617054045,-5.64628227773417
367,3.67984223045129,-5.66475748116925
368,3.7061874629903,-5.57460959882803
369,3.68490667997317,-5.5404957900215
370,3.67200893298813,-5.55394545652825
371,3.6650492738842,-5.55029622457385
372,3.68671638312513,-5.52058155073877
373,3.60773400996449,-5.50024675212755
374,3.65314794859883,-5.39807736750872
375,3.64903409294144,-5.38260868942754
376,3.6308077805314,-5.43054075791057
377,3.59468999289652,-5.37286256943852
378,3.47225163605805,-5.40142130239921
379,3.55683964994401,-5.40793584506223
380,3.53861975720131,-5.34754880573172
381,3.51708678940981,-5.34401563646037
382,3.42608029169563,-5.39271267037133
383,3.46673274446888,-5.30504113308345
384,3.50019449385068,-5.28492109889113
385,3.42087633476009,-5.32365025585905
386,3.50551849959388,-5.28062751213649
387,3.47587770885481,-5.31643327620853
388,3.43974388512631,-5.28181165314468
389,3.39874271228196,-5.21313991186205
390,3.42398237139984,-5.25662194600154
391,3.42028837176228,-5.11750267385361
392,3.38828054882711,-5.16604875843684
393,3.3632175378165,-5.18079996191506
394,3.42127392760984,-5.12646428774556
395,3.34144199624271,-5.17100388095502
396,3.38280422579306,-5.15549449820365
397,3.33890467872394,-5.11771271043332
398,3.30059957509637,-5.10133032795108
399,3.29164176080914,-5.13219858830444
400,3.26121176076568,-5.13821829498084
401,3.21127576632877,-5.09879828465974
402,3.19159346186257,-5.08147590657899
403,3.23543273521588,-5.10734833813235
404,3.20285348827846,-5.14211995732869
405,3.18224996198009,-5.19978509270104
406,3.20349580538465,-5.12759407883058
407,3.14657683036757,-5.13582882787519
408,3.19500875909438,-5.15010844130312
409,3.17328156940995,-5.1619373503717
410,3.09762053093788,-5.1777121572828
411,3.02668812699395,-5.13449436640016
412,2.98753792688186,-5.17828411717668
413,3.06303004721638,-5.15745497508883
414,3.01268801664706,-5.07080396736269
415,3.01141369138079,-5.09782024934332
416,2.97992752352268,-5.11794913412365
417,2.97645076577917,-5.06327311698072
418,2.96894474782547,-5.12106842740272
419,2.8796707816848,-5.04372965237517
420,2.88590377084536,-5.0877836780466
421,2.71123224684744,-5.08456631042031
422,2.80895551188348,-5.04946940428782
423,2.81236574304886,-4.99282957029281
424,2.80103675207719,-5.04330306624744
425,2.80317698759193,-5.08910629805849
426,2.72039981713228,-5.03770880043155
427,2.67330357802281,-5.03653166816013
428,2.74697623442178,-5.00216183837374
429,2.6680290876628,-5.02142261567126
430,2.69862561664541,-4.98177636522128
431,2.59512888453784,-4.93002998850786
432,2.67538722825258,-4.89878887675974
433,2.63880062264758,-4.9658587606672
434,2.68673839157514,-4.98198771126315
435,2.64314075735673,-4.98039998747617
436,2.67603652698889,-4.9228146678545
437,2.56509042936195,-4.9560037300105
438,2.55630830435593,-4.9963622676443
439,2.5095387445896,-4.81422362486616
440,2.60086419595514,-4.92944487028734
441,2.45847454092182,-4.99228414265791
442,2.43609268377714,-4.94200522969023
443,2.51457601485548,-4.97380677569491
444,2.43693534980326,-4.89916013320619
445,2.43664419342124,-4.92210087930848
446,2.42905034162114,-5.00582094367234
447,2.36147590211475,-5.04170093842838
448,2.35534907828924,-4.87097611160548
449,2.36505665566406,-4.84126164895796
450,2.36071873297081,-4.91238291834122
451,2.27560290170437,-4.7669461578601
452,2.27485478134642,-4.69302102140215
453,2.25132720793,-4.71739324942014
454,2.18377373265711,-4.63551624016716
455,2.20758182342912,-4.58516833660261
456,2.15800366818564,-4.6214798473687
457,2.15607575374067,-4.5968016319238
458,2.10378518850773,-4.55804402095803
459,2.01704097171291,-4.55397461092987
460,2.04747656611472,-4.54940587065633
461,2.12735652445982,-4.54989209716221
462,2.09127455791491,-4.47409678374854
463,1.92639810981277,-4.52917750482472
464,1.97518669997404,-4.52303564150044
465,1.96211478677598,-4.50785662154478
466,1.97217980536977,-4.54138829756218
467,1.86798577472439,-4.57668654905396
468,1.87237122842873,-4.49671345836175
469,1.78409199485235,-4.54325861810407
470,1.78189723277687,-4.54392487405928
471,1.80303977436876,-4.54080117708795
472,1.68563538492741,-4.36088888899249
473,1.76780399772173,-4.54531668975035
474,1.67174932809421,-4.45129355850826
475,1.59905915763242,-4.42005570247338
476,1.55879505265411,-4.38059206869428
477,1.61257588298703,-4.37289515638066
478,1.55888055667305,-4.35771650363253
479,1.5339073440616,-4.29107244654303
480,1.49148420721336,-4.38435730853553
481,1.50199427151745,-4.29031589734841
482,1.46084042773093,-4.31328300353557
483,1.49216088841817,-4.26932506676238
484,1.37669611354339,-4.23991406224047
485,1.38357093682976,-4.31503323491322
486,1.3448217679143,-4.23560941328734
487,1.29142763403449,-4.21244334129346
488,1.23588330312798,-4.22972055990843
489,1.2125109530888,-4.22023240099482
490,1.23001983706149,-4.2236256322162
491,1.21125166268868,-4.17389613936538
492,1.20459394421654,-4.20169246192542
493,1.133085035315,-4.15736601672697
494,1.11592453994947,-4.08420446779221
495,1.06668048106064,-4.13913290468655
496,1.06812024207114,-4.03361398840821
497,0.980632381505358,-4.1083719009016
498,0.978737639669203,-4.06386761027428
499,0.961239282622874,-4.07131404007262
500,0.877742103525875,-3.99888974912025
501,0.920320044936409,-3.96503874481768
502,0.856970376468805,-3.98931689178332
503,0.830932802219207,-3.91838632992047
504,0.820915082712862,-3.86926508805518
505,0.758427466676772,-3.88444019441508
506,0.735448308014644,-3.95001450236927
507,0.737990539022072,-3.89445928650277
508,0.676892993149661,-3.88913687554588
509,0.674820929253369,-3.86760677588847
510,0.645852380950908,-3.84267116484876
511,0.689599438287477,-3.85236356184079
512,0.671507134715054,-3.89889149756868
513,0.602426056784093,-3.90044741665226
514,0.590472014235428,-3.86086127466498
515,0.574051780458089,-3.82028058800618
516,0.577876537199025,-3.81186590807414
517,0.476671752022694,-3.75856682637037
518,0.512441415083256,-3.7967186733793
519,0.517219794457471,-3.77173196682376
520,0.517890857471272,-3.70573722115103
521,0.507560060425198,-3.72954488879814
522,0.427907724166716,-3.69171184613929
523,0.450155321452433,-3.69009185240411
524,0.452816822697047,-3.68765071056162
525,0.410279045616243,-3.69729604580153
526,0.433765087840829,-3.75386098204448
527,0.41534323799812,-3.70475112084645
528,0.347612626564071,-3.66277895822367
529,0.364157849930115,-3.64777836791115
530,0.289842287842304,-3.60508442700639
531,0.292149101595557,-3.64110963246726
532,0.240133556364292,-3.6168440218721
533,0.250421616055537,-3.60013037709412
534,0.270541609165217,-3.57624782786104
535,0.287469568681632,-3.69147446447819
536,0.163405045002827,-3.56680582770038
537,0.214569429125403,-3.57792417684951
538,0.231674702796879,-3.58397173806486
539,0.160886117438635,-3.57376271285099
540,0.155296614595907,-3.5458424069804
541,0.129428171724985,-3.55691502539824
542,0.0918442969625677,-3.5045669815716
543,0.0860084082166104,-3.56944276032733
544,0.050605925000627,-3.51003772458612
545,0.0870413221743448,-3.39991241759743
546,0.00552668036284112,-3.50734657638496
547,-0.0257751630063566,-3.4428890433045
548,0.00601228680635182,-3.49548562471887
549,-0.0605178929800012,-3.43449969652051
550,-0.0237459535257841,-3.53126344211256
551,-0.0504157885573172,-3.46026156988913
552,-0.0896383168581138,-3.53042609536487
553,-0.0898299863508006,-3.43154627719469
554,-0.0992776357501549,-3.40241999032563
555,-0.0572652539238557,-3.40894739047069
556,-0.118270382005841,-3.39114464326818
557,-0.0810812546081058,-3.34799973342327
558,-0.108758617753934,-3.38859250326541
559,-0.123056233118177,-3.29977137182429
560,-0.219503089562926,-3.29221226405358
561,-0.2156211278544,-3.33175616023177
562,-0.172006114903145,-3.34088948383268
563,-0.173757416818833,-3.36254458371323
564,-0.201796584550184,-3.30417137787822
565,-0.292064900349575,-3.36636824676271
566,-0.299541648784694,-3.28999873915381
567,-0.302933751176862,-3.26525377783123
568,-0.426319730858791,-3.32603900699352
569,-0.337136468937849,-3.29486179964205
570,-0.401492284740484,-3.28714535896155
571,-0.393986915515788,-3.26115663806424
572,-0.368467774735266,-3.31698410668976
573,-0.441980439065637,-3.16596615849176
574,-0.433441887176847,-3.20327051526828
575,-0.482915995047711,-3.14236120229459
576,-0.434352733441575,-3.20155527796196
577,-0.458603794072856,-3.22952526913657
578,-0.498016347266045,-3.12812084959369
579,-0.541854118318722,-3.24816634574849
580,-0.464258991303669,-3.22375757165951
581,-0.552590990314703,-3.13517161972345
582,-0.515648782767596,-3.11169365740358
583,-0.554397431889708,-3.08822229996912
584,-0.575296480532559,-3.0805173599528
585,-0.602607056782823,-3.11436674511439
586,-0.538462651942372,-3.06589782949345
587,-0.591360786586904,-3.05311211579499
588,-0.604218131409942,-2.99565755162436
589,-0.702936658166098,-2.9566402778365
590,-0.632397354527616,-2.97283120827156
591,-0.661408497323818,-3.01316879954052
592,-0.732198340551582,-2.95233057075424
593,-0.71947140345142,-2.94472736467789
594,-0.692842655442925,-2.96706856434615
595,-0.769062101247561,-2.97536286312932
596,-0.750498034775684,-2.9994413463789
597,-0.762875732516813,-2.93609435486828
598,-0.888135239953332,-2.92101291827171
599,-0.859773905661203,-2.90775796794606
600,-0.907151964228422,-2.99142768435956
601,-0.964501774630167,-2.87178392180558
602,-0.841833869778122,-2.88296941439136
603,-0.868937012151592,-2.91841272990768
604,-0.931432152833939,-2.89437150568019
605,-0.934747771346221,-2.88213663272927
606,-0.969016466409939,-2.90253662137065
607,-1.01112998487168,-2.8652648768462
608,-0.975194189094526,-2.85988600920666
609,-1.058911977193,-2.8822122894018
610,-0.994755842467229,-2.82011804307143
611,-1.04109252756706,-2.8164400235491
612,-1.09893125618129,-2.82165602737161
613,-1.11553500042874,-2.77415250695379
614,-1.15749943415211,-2.71793995002498
615,-1.19893426787218,-2.7385685894204
616,-1.17464507441651,-2.76237729697788
617,-1.08477727255412,-2.69223571831382
618,-1.12892947418985,-2.76633554934962
619,-1.21914517405006,-2.69239126801638
620,-1.23320195275116,-2.73478165003867
621,-1.21824269043789,-2.68443189463871
622,-1.24820437249914,-2.65890032664012
623,-1.21412573155438,-2.73029106446657
624,-1.23172034371595,-2.64413778876383
625,-1.27686395200168,-2.64402817590455
626,-1.29781543772304,-2.61993460177874
627,-1.26333639736905,-2.62111853792038
628,-1.35532151545536,-2.61282287146758
629,-1.35253253691922,-2.56728958573776
630,-1.3810098268689,-2.57000246728469
631,-1.34436953880014,-2.52563981285304
632,-1.43236511927457,-2.53041897994966
633,-1.41478014084934,-2.57875720462759
634,-1.35561975705688,-2.49847471538984
635,-1.38534488828791,-2.4092257623929
636,-1.41843047767485,-2.42618180598886
637,-1.34220391554092,-2.38943850771589
638,-1.41026025031969,-2.3309644855106
639,-1.45981869424642,-2.35717453500894
640,-1.50820563913242,-2.36130261592841
641,-1.50725992233024,-2.29180385444679
642,-1.49563071246463,-2.24063019052172
643,-1.39555849094995,-2.25967341506439
644,-1.49399777431745,-2.25433815712053
645,-1.48163715285889,-2.2171383947549
646,-1.3820938177701,-2.17680986649558
647,-1.51072159277394,-2.14977306324893
648,-1.49701596198596,-2.14548368767726
649,-1.51187302445404,-2.07668614502843
650,-1.52787072462791,-2.17034439679054
651,-1.51715744491688,-2.00920143894801
652,-1.50859474140679,-2.09844736255847
653,-1.49305865620024,-1.96632400903776
654,-1.53024037778754,-2.04850030186792
655,-1.56358570403133,-1.9757549311607
656,-1.52068553918945,-1.89239432215754
657,-1.55909753098441,-1.96692539989632
658,-1.55549189756441,-1.87641288956323
659,-1.52332430737237,-1.86969678967174
660,-1.55055093345772,-1.77718039510514
661,-1.60619782853935,-1.86419650228255
662,-1.52218651093739,-1.7211043764135
663,-1.58894968893715,-1.80352197910846
664,-1.66265028857123,-1.72451465920285
665,-1.64322443291284,-1.7598740518489
666,-1.7067258790662,-1.74683707075672
667,-1.5804603002285,-1.78096162477542
668,-1.59704797854127,-1.69489706087982
669,-1.721248163488,-1.58020636808361
670,-1.69925937862377,-1.60932649819465
671,-1.63545397776641,-1.63859143680702
672,-1.71868399571963,-1.60937468956344
673,-1.74399530451384,-1.55289379255148
674,-1.78556449089998,-1.5256024524299
675,-1.74800449700457,-1.50628705494675
676,-1.72204922804049,-1.56592905814086
677,-1.76937952416831,-1.48345920404247
678,-1.68116852614853,-1.46554025439826
679,-1.80653739199177,-1.41170302020868
680,-1.78539803674583,-1.41298425165814
681,-1.8191490712204,-1.31603098936187
682,-1.85963852438081,-1.31833155953218
683,-1.82078897271906,-1.28204250893269
684,-1.855840305818,-1.266433023436
685,-1.83216865165555,-1.22242002488971
686,-1.88786541503391,-1.22164145057668
687,-1.88902403800549,-1.24894461893761
688,-1.84739068414883,-1.09852592919805
689,-1.92345308656914,-1.10296857118006
690,-1.87423728188087,-1.13202139791367
691,-1.84686654315056,-1.06616230493057
692,-1.88948663795903,-1.08718728015083
693,-1.98697308083367,-1.05454379535491
694,-1.9367542430194,-0.999139977024697
695,-1.99868156586391,-0.947377002164286
696,-1.99005109453868,-0.951828726058194
697,-1.96723700095342,-0.88747139244566
698,-1.9024045062043,-0.899071685844884
699,-1.93645726380858,-0.838943199860192
700,-2.0354641299335,-0.781201546615824
701,-2.01842093311256,-0.871903598169275
702,-2.00050481883567,-0.762641988081939
703,-2.03300467910126,-0.767744993458095
704,-2.01935263629015,-0.737924371692827
705,-1.9791314866103,-0.739672415647515
706,-2.05636348374064,-0.679245233024496
707,-2.03892953615133,-0.68320863243707
708,-2.12315474576156,-0.663668760959935
709,-2.05618839128114,-0.634472859283283
710,-2.13335456995567,-0.582509210983569
711,-2.13118173663748,-0.556323728991631
712,-2.09228938691444,-0.445034165121161
713,-2.1379801027946,-0.487080249392055
714,-2.13805630707255,-0.415468626298684
715,-2.09123149836072,-0.457792286217268
716,-2.14167424186431,-0.355539706619013
717,-2.12705770889158,-0.365705220448212
718,-2.13738468228549,-0.309668821617772
719,-2.10540128534139,-0.322690061905696
720,-2.11448378635435,-0.317782993799446
721,-2.18997586332491,-0.331616427482577
722,-2.11405017784346,-0.283599009309535
723,-2.17598672915769,-0.197000523299791
724,-2.06647788403418,-0.178300330381885
725,-2.15805794403271,-0.150014406672357
726,-2.12665690112529,-0.140860820764311
727,-2.22288682512599,-0.0879180312734821
728,-2.09625427226538,-0.0127823509721163
729,-2.12688159613041,-0.0404415487278352
730,-2.18395535056818,0.00423891792116329
731,-2.12573591587989,0.0498161574306132
732,-2.19709345508043,0.0626870738482452
733,-2.19507934548822,0.0463352831746991
734,-2.26325216058541,0.112852721360229
735,-2.24487977781894,0.104456679186481
736,-2.25217143387919,0.130385704634845
737,-2.25916779234146,0.239748907779522
738,-2.22606905348039,0.21685238523577
739,-2.34019186362601,0.268802825957901
740,-2.33914112785938,0.284237570980864
741,-2.32115304418566,0.241573112989789
742,-2.29991378513164,0.268077186894336
743,-2.34961145489076,0.292988145212137
744,-2.37163394089117,0.366229421811602
745,-2.43357215324881,0.361851466327814
746,-2.49145869179713,0.446865577837042
747,-2.481746060132,0.401685664550663
748,-2.45019133125456,0.367494809607209
749,-2.54463310210384,0.385081247126201
750,-2.54400047108916,0.319716334138995
751,-2.57614542170221,0.465746050015246
752,-2.58281323551249,0.430134181658808
753,-2.67160974737336,0.428738122234161
754,-2.62994833763389,0.43834690137487
755,-2.65249811464181,0.524775479620706
756,-2.75147262168958,0.491808140415822
757,-2.6962439332124,0.554669671152783
758,-2.68439278393509,0.587972583260232
759,-2.69126515429517,0.734844252355194
760,-2.66992573888338,0.649571831900045
761,-2.7359627204514,0.612044462067077
762,-2.72421081420615,0.676885962522668
763,-2.69475667017052,0.732243362340684
764,-2.74661340333593,0.71669856186802
765,-2.76269199281939,0.784457871820705
766,-2.77912446437239,0.714467152016718
767,-2.78880223078267,0.718784002083151
768,-2.83117854839237,0.834681907571724
769,-2.82539047957408,0.719613809034231
770,-2.83826818291069,0.784918703363931
771,-2.7608974809964,0.712972996746184
772,-2.7969944528613,0.83345290695735
773,-2.84618538940691,0.829593434211067
774,-2.83816323430925,0.795632431175456
775,-2.84152166862316,0.879242429449558
776,-2.77720637279844,0.84306230742561
777,-2.88701206043388,0.83137134902835
778,-2.80083260201165,0.884807310154782
779,-2.82623505493032,0.851618417954387
780,-2.80352378882513,0.850767691071223
781,-2.83229703242736,0.884953284929234
782,-2.81684188865113,0.970089090052071
783,-2.8816293752678,0.95457434560396
784,-2.84988054671818,1.01198984870847
785,-2.91318189038262,1.01926561731343
786,-2.98438995877339,0.991234781554175
787,-2.89364055222159,1.05194178825048
788,-2.98508617434296,1.13860058306128
789,-2.97044680598001,1.04112045469598
790,-2.94570539184081,1.09058778627304
791,-3.00513693436963,1.17194121321224
792,-3.03028729669664,1.08142083693507
793,-3.03946271887567,1.1464315496997
794,-3.07051654536976,1.11332892709687
795,-3.0606084385765,1.14927421903918
796,-3.07669052716347,1.21477542886857
797,-3.03148137656957,1.290481397487
798,-3.1127351399642,1.23135774753116
799,-3.10132319666211,1.21608444428769
800,-3.13822269171972,1.23971567277667
801,-3.0897187900226,1.2543104259293
802,-3.17820195308382,1.26907782701602
803,-3.15086528324617,1.22885970787316
804,-3.15389795667746,1.26544323263693
805,-3.15164746279643,1.23893647610818
806,-3.1674636083568,1.27289269895611
807,-3.198501910362,1.29387301576349
808,-3.24385100595879,1.25884344802335
809,-3.26894592572504,1.1844074726155
810,-3.21715430280426,1.23917958795752
811,-3.29772765852436,1.22851676260377
812,-3.24922224259888,1.22459868807357
813,-3.34692349860241,1.22868503672536
814,-3.37640939312232,1.23316060665007
815,-3.34839075969104,1.23335556324617
816,-3.40335459734471,1.23715962964679
817,-3.43110191247824,1.2537210758385
818,-3.47025860439341,1.26807777984388
819,-3.50078982800816,1.2281454096177
820,-3.47462734659368,1.24169492215778
821,-3.51128639079473,1.257732550116
822,-3.52049119172865,1.25920720902983
823,-3.52966481662656,1.19695262802348
824,-3.59612333622389,1.1653377119195
825,-3.54796267606873,1.24279171399392
826,-3.56884446411582,1.23990513092037
827,-3.57022641718618,1.27108202802984
828,-3.58125528506642,1.18326573165525
829,-3.56728717928593,1.23880800740493
830,-3.56274700600633,1.2856888659912
831,-3.60439938594697,1.33268813895709
832,-3.66130086662592,1.34720671791262
833,-3.60970111140985,1.36039655946682
834,-3.61155108145282,1.38994802338771
835,-3.59227647657824,1.47396799707327
836,-3.54528039892074,1.49991356047142
837,-3.61514428567046,1.40650926823889
838,-3.58866192173782,1.53093076390334
839,-3.60914351215874,1.50438070354755
840,-3.63153454994792,1.52719531045924
841,-3.64050449050712,1.58985316016867
842,-3.64633562724582,1.56827869050664
843,-3.5824639925556,1.60019406463591
844,-3.66208165676648,1.57616952356213
845,-3.64587990125179,1.62126148075898
846,-3.7030983805221,1.63887505449134
847,-3.76627044262763,1.66133566032194
848,-3.65896129586719,1.69351743314537
849,-3.70826032146348,1.73994880133805
850,-3.67069408860059,1.75903388526954
851,-3.65141364111269,1.83516701483401
852,-3.6525639409033,1.81346351670933
853,-3.70171278971751,1.87222360109599
854,-3.76775410026717,1.92387947344431
855,-3.60980340877328,1.97799885359529
856,-3.68558375751254,2.01117819472504
857,-3.72154327461599,2.05907380830961
858,-3.70772281695632,2.11730462981585
859,-3.72814208988155,2.12217016960394
860,-3.69143732031307,2.15208205200694
861,-3.83938623951823,2.16898926234362
862,-3.73343694085882,2.22806061960995
863,-3.73840067168727,2.26524360401702
864,-3.72127132156875,2.37428045170181
865,-3.6918254621891,2.36981176808788
866,-3.75784930658554,2.35419970386791
867,-3.70572711090269,2.40582986151941
868,-3.76201600802932,2.41965178724045
869,-3.76001444499954,2.47382292730931
870,-3.78262897752325,2.47981122005753
871,-3.73088924391048,2.49393033218309
872,-3.74515622026552,2.45279989261098
873,-3.70210106237792,2.50789621236706
874,-3.76510887938662,2.56606779307018
875,-3.78028231384661,2.67696244845466
876,-3.70176397810779,2.62942601936181
877,-3.73671332421995,2.6393315855607
878,-3.79316984998285,2.68386032038606
879,-3.71498288409752,2.67740438162665
880,-3.69370351378804,2.72463584316469
881,-3.75891484664828,2.77625935537599
882,-3.83150242522431,2.72719545755177
883,-3.7476259924553,2.82485672428502
884,-3.76260570319393,2.81447085340609
885,-3.78763858904005,2.83703463457645
886,-3.7224206592832,2.9057649161717
887,-3.76125176520931,2.83605578174865
888,-3.77536631260621,2.92531106538616
889,-3.7945056337769,2.98647599737117
890,-3.77196425190163,2.96111036497535
891,-3.75761904528434,3.06067143345189
892,-3.80477571211412,3.04378566963238
893,-3.81323497123436,3.04505702256009
894,-3.81509244187393,3.0150485965562
895,-3.78782294131676,3.16024396745322
896,-3.71960632060325,3.13850088137645
897,-3.77032939890033,3.21637375595182
898,-3.73428281242978,3.25139388394266
899,-3.80390413044476,3.18015607521623
900,-3.78900576316418,3.24346823444171
901,-3.85636406391958,3.1654348641066
902,-3.84798647406276,3.18630672195958
903,-3.95402324045422,3.14101374463986
904,-3.86651035866126,3.16328689203049
905,-3.95369709713458,3.16034249931345
906,-3.99069947040855,3.06386646890865
907,-4.02911049280894,3.04670749289192
908,-4.06264411340491,3.05497668075109
909,-4.10374676047604,3.09245029033301
910,-4.0701812411227,3.10468401120605
911,-4.10115315770522,3.00383450478953
912,-4.16391930898511,3.10861610674384
913,-4.11928652887208,3.11147608341094
914,-4.12672375733892,3.10573179736856
915,-4.18626941907254,3.11517710992398
916,-4.23501584423471,3.03623028634822
917,-4.14088145159743,3.03803446708168
918,-4.16847693942825,3.06242452514258
919,-4.33056877372935,3.06713615189184
920,-4.24194970264252,3.00142447984492
921,-4.30440237377688,2.99436567892453
922,-4.30936255932166,3.07078655557992
923,-4.29058761553537,3.06247765812574
924,-4.29770350856807,3.02501959604533
925,-4.30469922562396,2.9853299113468
926,-4.32745561339422,3.06658218450186
927,-4.26536363346862,2.98881014485352
928,-4.39662599146549,3.03218490940741
929,-4.34745968101453,2.97507694498312
930,-4.39397185151443,2.92979662436578
931,-4.46504212692988,3.00030017700219
932,-4.46436957405583,2.93979674631779
933,-4.44414320071896,2.97942026555055
934,-4.50496638364417,2.98665476265736
935,-4.51283652336691,2.89537658057752
936,-4.48070788418689,3.00124783900536
937,-4.58945275938286,2.97980952148584
938,-4.52343564705354,2.99560540271263
939,-4.6016889968908,2.99889744072593
940,-4.6627600183715,3.00076477876793
941,-4.66168728495342,3.03481142288438
942,-4.6449583832017,3.03718432969196
943,-4.61929619094363,2.99522554516004
944,-4.68939262530297,2.97255654986231
945,-4.69997037503825,2.99736323879219
946,-4.65198033320741,2.93087887670547
947,-4.72556160638844,2.98495968022386
948,-4.76422254785254,2.97457112599876
949,-4.76918537011452,2.97816035961075
950,-4.80554081323636,2.94550037845206
951,-4.86796032406006,3.02923677870858
952,-4.8885228810851,3.03897968745393
953,-4.79640029074394,2.96650220351866
954,-4.79762789452616,2.96340077539535
955,-4.89771005349425,2.95940252695594
956,-4.91167704303511,2.91739282860286
957,-4.92106802972477,2.90924957194269
958,-4.86222333847084,2.90879395618704
959,-4.973952464556,2.90812109647043
960,-4.93741463904932,2.89070807240272
961,-4.94472407774278,2.88038891475108
962,-4.98386583053345,2.87945864770444
963,-5.01339896361571,2.92296030276412
964,-5.0260757873082,2.91813330853095
965,-5.07461699425585,2.94747810356486
966,-5.03802436197221,2.8394154149416
967,-5.09710002798213,2.76170815660561
968,-5.08444920915133,2.86111134246144
969,-5.14221652612715,2.82769784909029
970,-5.18357486201821,2.8675926203514
971,-5.10610772571993,2.81848787167333
972,-5.22068577018572,2.75802366660712
973,-5.24090244299421,2.88707146124161
974,-5.1841169151297,2.74342047115791
975,-5.18577872418422,2.77264659387586
976,-5.19988021743248,2.72584171411045
977,-5.25590750062785,2.76332045806954
978,-5.24005605817893,2.69080838189017
979,-5.22351109517923,2.69929366796157
980,-5.25459680374366,2.74177284929549
981,-5.29323718949452,2.78563954637614
982,-5.33200975368598,2.7195877294756
983,-5.32831696368481,2.74173704309995
984,-5.30918041812155,2.6833483958696
985,-5.3302959062707,2.70721773744136
986,-5.38894449508097,2.74979979573593
987,-5.34866113192715,2.74989056486429
988,-5.36471042480469,2.69397747044528
989,-5.41566461972709,2.71848113490133
990,-5.42793994524459,2.64844649788698
991,-5.44764171361892,2.67814706391736
992,-5.45688611772511,2.65437056645685
993,-5.40422306103111,2.65272739895953
994,-5.54598906554964,2.67518411451814
995,-5.51282830707508,2.6208244557155
996,-5.5138013106324,2.73258042878866
997,-5.61491765185357,2.65174351197965
998,-5.59087102845026,2.67166804334463
999,-5.58685840359429,2.66404569873816
1000,-5.71537637643943,2.71838823632179
